ranking,nombre,puntuacion,votos,tipo,episodios,duracion,demografia,source,rating_edad,miembros,favoritos
1,Sousou no Frieren,9.30,,TV,28,24 min. per ep.,Shounen,Manga,PG-13 - Teens 13 or older,"1,161,588","71,883"
2,Fullmetal Alchemist: Brotherhood,9.10,,TV,64,24 min. per ep.,Shounen,Manga,R - 17+ (violence & profanity),"3,542,513","234,793"
3,Steins;Gate,9.07,,TV,24,24 min. per ep.,,Drama,PG-13 - Teens 13 or older,"2,712,860","196,727"
4,Shingeki no Kyojin Season 3 Part 2,9.05,,TV,10,23 min. per ep.,Shounen,Manga,R - 17+ (violence & profanity),"2,464,502","61,308"
5,Gintama°,9.05,,TV,51,24 min. per ep.,Shounen,Manga,PG-13 - Teens 13 or older,"670,969","17,223"
6,Gintama: The Final,9.04,,Movie,1,1 hr. 44 min.,Shounen,Manga,PG-13 - Teens 13 or older,"171,458","4,506"
7,One Piece Fan Letter,9.04,,TV Special,1,24 min.,Shounen,Light novel,PG-13 - Teens 13 or older,"117,150","2,265"
8,Hunter x Hunter (2011),9.03,,TV,148,23 min. per ep.,Shounen,Manga,PG-13 - Teens 13 or older,"3,044,987","221,689"
9,Gintama',9.02,,TV,51,24 min. per ep.,Shounen,Manga,PG-13 - Teens 13 or older,"592,909","8,434"
10,Gintama': Enchousen,9.02,,TV,13,24 min. per ep.,Shounen,Manga,PG-13 - Teens 13 or older,"347,175","3,129"
11,Ginga Eiyuu Densetsu,9.01,,OVA,110,26 min. per ep.,,Drama,R - 17+ (violence & profanity),"346,702","17,113"
12,Bleach: Sennen Kessen-hen,8.99,,TV,13,24 min. per ep.,Shounen,Manga,R - 17+ (violence & profanity),"645,468","22,399"
13,Gintama.,8.98,,TV,12,24 min. per ep.,Shounen,Manga,PG-13 - Teens 13 or older,"336,955","2,799"
14,Kaguya-sama wa Kokurasetai: Ultra Romantic,8.97,,TV,13,23 min. per ep.,Seinen,Manga,PG-13 - Teens 13 or older,"1,041,509","32,468"
15,Fruits Basket: The Final,8.95,,TV,13,23 min. per ep.,Shoujo,Manga,PG-13 - Teens 13 or older,"532,997","20,977"
16,Clannad: After Story,8.93,,TV,24,24 min. per ep.,,Drama,PG-13 - Teens 13 or older,"1,249,537","72,177"
17,Gintama,8.93,,TV,201,24 min. per ep.,Shounen,Manga,PG-13 - Teens 13 or older,"1,121,035","60,670"
18,Koe no Katachi,8.93,,Movie,1,2 hr. 10 min.,Shounen,Manga,PG-13 - Teens 13 or older,"2,497,403","92,747"
19,Kusuriya no Hitorigoto 2nd Season,8.92,,TV,24,24 min. per ep.,,Light novel,PG-13 - Teens 13 or older,"343,367","4,425"
20,Code Geass: Hangyaku no Lelouch R2,8.91,,TV,25,24 min. per ep.,,Action,R - 17+ (violence & profanity),"1,883,502","79,068"
21,Takopii no Genzai,8.91,,ONA,6,23 min. per ep.,Shounen,Manga,R - 17+ (violence & profanity),"68,191",455
22,3-gatsu no Lion 2nd Season,8.90,,TV,22,25 min. per ep.,Seinen,Manga,PG-13 - Teens 13 or older,"426,107","15,302"
23,Gintama Movie 2: Kanketsu-hen - Yorozuya yo Eien Nare,8.90,,Movie,1,1 hr. 50 min.,Shounen,Manga,PG-13 - Teens 13 or older,"255,429","2,135"
24,Monster,8.89,,TV,74,24 min. per ep.,Seinen,Manga,R+ - Mild Nudity,"1,245,191","58,290"
25,Kaoru Hana wa Rin to Saku,8.88,,TV,13,24 min. per ep.,,Web manga,PG-13 - Teens 13 or older,"144,060","1,718"
26,Gintama. Shirogane no Tamashii-hen - Kouhan-sen,8.88,,TV,14,24 min. per ep.,Shounen,Manga,PG-13 - Teens 13 or older,"217,036","1,081"
27,Kusuriya no Hitorigoto,8.87,,TV,24,22 min. per ep.,,Light novel,PG-13 - Teens 13 or older,"672,979","21,214"
28,Owarimonogatari 2nd Season,8.86,,TV Special,7,22 min. per ep.,,Light novel,R - 17+ (violence & profanity),"424,033","8,937"
29,Shingeki no Kyojin: The Final Season - Kanketsu-hen,8.86,,TV Special,2,1 hr. 12 min. per ep.,Shounen,Manga,R - 17+ (violence & profanity),"781,878","16,660"
30,Violet Evergarden Movie,8.84,,Movie,1,2 hr. 20 min.,,Light novel,PG-13 - Teens 13 or older,"683,194","9,350"
31,Kimi no Na wa.,8.83,,Movie,1,1 hr. 46 min.,,Award Winning,PG-13 - Teens 13 or older,"2,914,389","93,641"
32,Kingdom 3rd Season,8.83,,TV,26,25 min. per ep.,Seinen,Manga,R - 17+ (violence & profanity),"121,999","2,448"
33,Shingeki no Kyojin Movie: Kanketsu-hen - The Last Attack,8.82,,Movie,1,2 hr. 24 min.,Shounen,Manga,R - 17+ (violence & profanity),"52,646",385
34,Vinland Saga Season 2,8.81,,TV,24,25 min. per ep.,Seinen,Manga,R - 17+ (violence & profanity),"760,732","18,269"
35,Gintama. Shirogane no Tamashii-hen,8.81,,TV,12,24 min. per ep.,Shounen,Manga,PG-13 - Teens 13 or older,"229,682","1,211"
36,Grand Blue Season 2,8.80,,TV,12,24 min. per ep.,Seinen,Manga,PG-13 - Teens 13 or older,"95,113",456
37,Hajime no Ippo,8.78,,TV,75,23 min. per ep.,Shounen,Manga,PG-13 - Teens 13 or older,"656,184","24,002"
38,Kizumonogatari III: Reiketsu-hen,8.78,,Movie,1,1 hr. 23 min.,,Light novel,R - 17+ (violence & profanity),"494,494","7,915"
39,Mob Psycho 100 II,8.78,,TV,13,24 min. per ep.,,Web manga,PG-13 - Teens 13 or older,"1,652,155","33,321"
40,Shingeki no Kyojin: The Final Season,8.78,,TV,16,23 min. per ep.,Shounen,Manga,R - 17+ (violence & profanity),"2,172,958","53,210"
41,Sen to Chihiro no Kamikakushi,8.77,,Movie,1,2 hr. 4 min.,,Adventure,PG - Children,"1,960,429","34,310"
42,Vinland Saga,8.77,,TV,24,24 min. per ep.,Seinen,Manga,R - 17+ (violence & profanity),"1,697,155","53,312"
43,Haikyuu!! Karasuno Koukou vs. Shiratorizawa Gakuen Koukou,8.77,,TV,10,24 min. per ep.,Shounen,Manga,PG-13 - Teens 13 or older,"1,281,845","15,837"
44,Shingeki no Kyojin: The Final Season Part 2,8.76,,TV,12,23 min. per ep.,Shounen,Manga,R - 17+ (violence & profanity),"1,454,839","31,424"
45,Monogatari Series: Second Season,8.76,,TV,26,25 min. per ep.,,Light novel,R - 17+ (violence & profanity),"701,836","23,972"
46,Ashita no Joe 2,8.75,,TV,47,24 min. per ep.,Shounen,Manga,PG-13 - Teens 13 or older,"62,313","3,070"
47,Bocchi the Rock!,8.75,,TV,12,23 min. per ep.,,4-koma manga,PG-13 - Teens 13 or older,"709,184","33,660"
48,Cowboy Bebop,8.75,,TV,26,24 min. per ep.,,Action,R - 17+ (violence & profanity),"1,981,823","86,829"
49,Boku no Kokoro no Yabai Yatsu 2nd Season,8.74,,TV,13,23 min. per ep.,Shounen,Manga,PG-13 - Teens 13 or older,"270,075","5,699"
50,Jujutsu Kaisen 2nd Season,8.74,,TV,23,23 min. per ep.,Shounen,Manga,R - 17+ (violence & profanity),"1,215,153","24,537"
51,Kaguya-sama wa Kokurasetai: First Kiss wa Owaranai,8.73,,Movie,1,1 hr. 36 min.,Seinen,Manga,PG-13 - Teens 13 or older,"335,163","2,190"
52,Kingdom 4th Season,8.73,,TV,26,24 min. per ep.,Seinen,Manga,R - 17+ (violence & profanity),"80,068","1,129"
53,One Piece,8.73,,TV,Unknown,24 min.,Shounen,Manga,PG-13 - Teens 13 or older,"2,550,233","239,850"
54,Kingdom 5th Season,8.72,,TV,13,24 min. per ep.,Seinen,Manga,R - 17+ (violence & profanity),"51,828",552
55,Mushishi Zoku Shou 2nd Season,8.72,,TV,10,23 min. per ep.,Seinen,Manga,PG-13 - Teens 13 or older,"283,935","1,552"
56,86 Part 2,8.72,,TV,12,23 min. per ep.,,Light novel,R - 17+ (violence & profanity),"588,761","17,262"
57,Shiguang Dailiren,8.72,,ONA,11,23 min. per ep.,,Drama,PG-13 - Teens 13 or older,"442,478","13,839"
58,The First Slam Dunk,8.72,,Movie,1,2 hr. 4 min.,Shounen,Manga,PG-13 - Teens 13 or older,"67,058",948
59,Kimetsu no Yaiba: Yuukaku-hen,8.71,,TV,11,26 min. per ep.,Shounen,Manga,R - 17+ (violence & profanity),"1,617,357","24,988"
60,Mob Psycho 100 III,8.71,,TV,12,23 min. per ep.,,Web manga,PG-13 - Teens 13 or older,"792,248","11,757"
61,Chi. Chikyuu no Undou ni Tsuite,8.71,,TV,25,25 min. per ep.,Seinen,Manga,R - 17+ (violence & profanity),"218,128","4,687"
62,Hibike! Euphonium 3,8.71,,TV,13,24 min. per ep.,,Drama,PG-13 - Teens 13 or older,"88,306","1,744"
63,Bleach: Sennen Kessen-hen - Ketsubetsu-tan,8.70,,TV,13,24 min. per ep.,Shounen,Manga,R - 17+ (violence & profanity),"365,315","4,842"
64,Code Geass: Hangyaku no Lelouch,8.70,,TV,25,24 min. per ep.,,Action,R - 17+ (violence & profanity),"2,379,697","113,127"
65,Shouwa Genroku Rakugo Shinjuu: Sukeroku Futatabi-hen,8.70,,TV,12,24 min. per ep.,Josei,Manga,PG-13 - Teens 13 or older,"197,459","3,201"
66,Ore dake Level Up na Ken Season 2: Arise from the Shadow,8.70,,TV,13,23 min. per ep.,,Web manga,R - 17+ (violence & profanity),"620,888","10,063"
67,Mushishi Zoku Shou,8.69,,TV,10,24 min. per ep.,Seinen,Manga,PG-13 - Teens 13 or older,"317,769","1,629"
68,Rurouni Kenshin: Meiji Kenkaku Romantan - Tsuioku-hen,8.69,,OVA,4,29 min. per ep.,Shounen,Manga,R - 17+ (violence & profanity),"287,616","6,394"
69,Violet Evergarden,8.68,,TV,13,24 min. per ep.,,Light novel,PG-13 - Teens 13 or older,"1,912,055","66,171"
70,Great Teacher Onizuka,8.68,,TV,43,25 min. per ep.,Shounen,Manga,R - 17+ (violence & profanity),"883,778","27,758"
71,Mo Dao Zu Shi: Wanjie Pian,8.68,,ONA,12,24 min. per ep.,,Action,R - 17+ (violence & profanity),"91,565","1,689"
72,Mononoke Hime,8.67,,Movie,1,2 hr. 13 min.,,Action,PG-13 - Teens 13 or older,"1,332,313","23,367"
73,Bleach: Sennen Kessen-hen - Soukoku-tan,8.67,,TV,14,24 min. per ep.,Shounen,Manga,R - 17+ (violence & profanity),"243,678","3,344"
74,Hajime no Ippo: New Challenger,8.67,,TV,26,23 min. per ep.,Shounen,Manga,PG-13 - Teens 13 or older,"311,797","1,900"
75,Howl no Ugoku Shiro,8.67,,Movie,1,1 hr. 59 min.,,Adventure,G - All Ages,"1,431,566","30,823"
76,Monogatari Series: Off & Monster Season,8.66,,ONA,14,25 min. per ep.,,Light novel,R - 17+ (violence & profanity),"91,366",829
77,Mushishi,8.65,,TV,26,23 min. per ep.,Seinen,Manga,PG-13 - Teens 13 or older,"876,394","27,767"
78,Shiguang Dailiren II,8.65,,ONA,12,24 min. per ep.,,Drama,R - 17+ (violence & profanity),"151,904","2,017"
79,Tian Guan Cifu Er,8.65,,ONA,12,24 min. per ep.,,Action,PG-13 - Teens 13 or older,"58,063","1,221"
80,Shigatsu wa Kimi no Uso,8.64,,TV,22,22 min. per ep.,Shounen,Manga,PG-13 - Teens 13 or older,"2,339,079","88,471"
81,Tengen Toppa Gurren Lagann,8.64,,TV,27,24 min. per ep.,,Action,PG-13 - Teens 13 or older,"1,703,410","81,975"
82,Look Back,8.64,,Movie,1,57 min.,Shounen,Manga,PG-13 - Teens 13 or older,"179,543","3,487"
83,Odd Taxi,8.64,,TV,13,23 min. per ep.,,Award Winning,PG-13 - Teens 13 or older,"481,285","8,886"
84,Fate/stay night Movie: Heaven's Feel - III. Spring Song,8.64,,Movie,1,2 hr. 2 min.,,Action,R - 17+ (violence & profanity),"385,011","8,338"
85,Shingeki no Kyojin Season 3,8.63,,TV,12,23 min. per ep.,Shounen,Manga,R - 17+ (violence & profanity),"2,543,935","21,628"
86,Made in Abyss,8.63,,TV,13,25 min. per ep.,,Web manga,R - 17+ (violence & profanity),"1,486,767","46,480"
87,Mushoku Tensei: Isekai Ittara Honki Dasu Part 2,8.63,,TV,12,23 min. per ep.,,Light novel,R - 17+ (violence & profanity),"1,050,438","19,053"
88,Natsume Yuujinchou Shi,8.63,,TV,13,24 min. per ep.,Shoujo,Manga,PG-13 - Teens 13 or older,"260,013","2,081"
89,Kaguya-sama wa Kokurasetai? Tensai-tachi no Renai Zunousen,8.62,,TV,12,24 min. per ep.,Seinen,Manga,PG-13 - Teens 13 or older,"1,438,005","18,943"
90,Ping Pong the Animation,8.62,,TV,11,23 min. per ep.,Seinen,Manga,PG-13 - Teens 13 or older,"422,059","16,843"
91,Bungou Stray Dogs 5th Season,8.62,,TV,11,23 min. per ep.,Seinen,Manga,R - 17+ (violence & profanity),"232,804","2,773"
92,Death Note,8.62,,TV,37,23 min. per ep.,Shounen,Manga,R - 17+ (violence & profanity),"4,130,488","180,588"
93,Haikyuu!! Second Season,8.62,,TV,25,24 min. per ep.,Shounen,Manga,PG-13 - Teens 13 or older,"1,515,449","15,979"
94,Cyberpunk: Edgerunners,8.61,,ONA,10,25 min. per ep.,,Action,R+ - Mild Nudity,"928,894","31,119"
95,Haikyuu!! Movie: Gomisuteba no Kessen,8.61,,Movie,1,1 hr. 24 min.,Shounen,Manga,PG-13 - Teens 13 or older,"192,332","1,552"
96,Hajime no Ippo: Rising,8.61,,TV,25,22 min. per ep.,Shounen,Manga,PG-13 - Teens 13 or older,"284,830","1,387"
97,Made in Abyss Movie 3: Fukaki Tamashii no Reimei,8.61,,Movie,1,1 hr. 45 min.,,Web manga,R - 17+ (violence & profanity),"509,794","3,855"
98,Made in Abyss: Retsujitsu no Ougonkyou,8.61,,TV,12,25 min. per ep.,,Web manga,R - 17+ (violence & profanity),"505,568","6,674"
99,Natsume Yuujinchou Roku,8.61,,TV,11,23 min. per ep.,Shoujo,Manga,PG-13 - Teens 13 or older,"200,085","1,141"
100,Kenpuu Denki Berserk,8.60,,TV,25,23 min. per ep.,Seinen,Manga,R+ - Mild Nudity,"725,205","30,129"
101,Dungeon Meshi,8.60,,TV,24,25 min. per ep.,Seinen,Manga,R - 17+ (violence & profanity),"498,913","10,207"
102,Guimi Zhi Zhu: Xiaochou Pian,8.60,,ONA,13,35 min. per ep.,,Action,R - 17+ (violence & profanity),"76,988","1,222"
103,Seishun Buta Yarou wa Yumemiru Shoujo no Yume wo Minai,8.59,,Movie,1,1 hr. 30 min.,,Light novel,PG-13 - Teens 13 or older,"773,816","10,816"
104,Suzumiya Haruhi no Shoushitsu,8.59,,Movie,1,2 hr. 41 min.,,Light novel,PG-13 - Teens 13 or older,"634,459","13,937"
105,Tengen Toppa Gurren Lagann Movie 2: Lagann-hen,8.59,,Movie,1,2 hr. 5 min.,,Action,R+ - Mild Nudity,"230,374","1,131"
106,Shin Evangelion Movie:||,8.58,,Movie,1,2 hr. 35 min.,,Action,PG-13 - Teens 13 or older,"405,179","7,994"
107,JoJo no Kimyou na Bouken Part 5: Ougon no Kaze,8.58,,TV,39,23 min. per ep.,Shounen,Manga,R - 17+ (violence & profanity),"1,106,892","33,622"
108,Mushishi Zoku Shou: Suzu no Shizuku,8.58,,Movie,1,47 min.,Seinen,Manga,PG-13 - Teens 13 or older,"137,072",234
109,Natsume Yuujinchou Shichi,8.57,,TV,12,23 min. per ep.,Shoujo,Manga,PG-13 - Teens 13 or older,"51,120",484
110,[Oshi no Ko],8.57,,TV,11,30 min. per ep.,Seinen,Manga,PG-13 - Teens 13 or older,"963,176","30,411"
111,Doupo Cangqiong: San Nian Zhi Yue,8.57,,ONA,13,24 min. per ep.,,Action,PG-13 - Teens 13 or older,"10,600",204
112,Kizumonogatari II: Nekketsu-hen,8.56,,Movie,1,1 hr. 4 min.,,Light novel,R - 17+ (violence & profanity),"472,521","2,416"
113,Nana,8.56,,TV,47,22 min. per ep.,Shoujo,Manga,R+ - Mild Nudity,"736,559","33,232"
114,Natsume Yuujinchou Go,8.56,,TV,11,23 min. per ep.,Shoujo,Manga,PG-13 - Teens 13 or older,"199,986",890
115,Natsume Yuujinchou San,8.56,,TV,13,24 min. per ep.,Shoujo,Manga,PG-13 - Teens 13 or older,"266,595","1,482"
116,Ookami Kodomo no Ame to Yuki,8.56,,Movie,1,1 hr. 57 min.,,Award Winning,PG-13 - Teens 13 or older,"847,481","11,663"
117,Shingeki no Kyojin,8.56,,TV,25,24 min. per ep.,Shounen,Manga,R - 17+ (violence & profanity),"4,187,721","181,352"
118,"Shinseiki Evangelion Movie: Air/Magokoro wo, Kimi ni",8.56,,Movie,1,1 hr. 26 min.,,Action,R+ - Mild Nudity,"995,176","30,914"
119,[Oshi no Ko] 2nd Season,8.56,,TV,13,25 min. per ep.,Seinen,Manga,PG-13 - Teens 13 or older,"452,255","5,721"
120,Shouwa Genroku Rakugo Shinjuu,8.55,,TV,13,26 min. per ep.,Josei,Manga,PG-13 - Teens 13 or older,"305,874","5,905"
121,Slam Dunk,8.55,,TV,101,23 min. per ep.,Shounen,Manga,PG-13 - Teens 13 or older,"325,167","7,802"
122,Yojouhan Shinwa Taikei,8.55,,TV,11,22 min. per ep.,,Award Winning,R - 17+ (violence & profanity),"477,802","18,834"
123,Haikyuu!! To the Top Part 2,8.55,,TV,12,23 min. per ep.,Shounen,Manga,PG-13 - Teens 13 or older,"887,146","6,383"
124,Kimetsu no Yaiba Movie: Mugen Ressha-hen,8.55,,Movie,1,1 hr. 56 min.,Shounen,Manga,R - 17+ (violence & profanity),"1,680,245","13,404"
125,Kimi no Suizou wo Tabetai,8.55,,Movie,1,1 hr. 48 min.,,Drama,PG-13 - Teens 13 or older,"1,056,826","22,386"
126,Perfect Blue,8.55,,Movie,1,1 hr. 21 min.,,Avant Garde,R+ - Mild Nudity,"774,262","20,772"
127,Jujutsu Kaisen,8.54,,TV,24,23 min. per ep.,Shounen,Manga,R - 17+ (violence & profanity),"2,833,536","93,789"
128,Steins;Gate 0,8.54,,TV,23,23 min. per ep.,,Drama,PG-13 - Teens 13 or older,"922,850","12,412"
129,Uma Musume: Pretty Derby - Shin Jidai no Tobira,8.54,,Movie,1,1 hr. 47 min.,,Sports,PG-13 - Teens 13 or older,"17,161",219
130,Fate/Zero 2nd Season,8.54,,TV,12,24 min. per ep.,,Light novel,R - 17+ (violence & profanity),"1,165,449","20,603"
131,Fruits Basket 2nd Season,8.53,,TV,25,23 min. per ep.,Shoujo,Manga,PG-13 - Teens 13 or older,"558,495","6,324"
132,Hotaru no Haka,8.53,,Movie,1,1 hr. 28 min.,,Drama,PG-13 - Teens 13 or older,"730,108","8,763"
133,Shingeki no Kyojin Season 2,8.53,,TV,12,24 min. per ep.,Shounen,Manga,R - 17+ (violence & profanity),"2,897,930","22,427"
134,Zoku Natsume Yuujinchou,8.53,,TV,13,24 min. per ep.,Shoujo,Manga,PG-13 - Teens 13 or older,"260,992","1,484"
135,Samurai Champloo,8.52,,TV,26,24 min. per ep.,,Action,R - 17+ (violence & profanity),"1,307,110","39,849"
136,JoJo no Kimyou na Bouken Part 6: Stone Ocean Part 3,8.52,,ONA,14,24 min. per ep.,Shounen,Manga,R - 17+ (violence & profanity),"257,868","3,277"
137,Mushishi: Hihamukage,8.52,,TV Special,1,44 min.,Seinen,Manga,PG-13 - Teens 13 or older,"148,741",205
138,Bakuman. 3rd Season,8.52,,TV,25,24 min. per ep.,Shounen,Manga,PG-13 - Teens 13 or older,"342,226","2,957"
139,Gintama Movie 1: Shinyaku Benizakura-hen,8.52,,Movie,1,1 hr. 35 min.,Shounen,Manga,R - 17+ (violence & profanity),"172,795",623
140,Gintama. Porori-hen,8.52,,TV,13,23 min. per ep.,Shounen,Manga,PG-13 - Teens 13 or older,"214,963",939
141,Kara no Kyoukai Movie 5: Mujun Rasen,8.51,,Movie,1,1 hr. 54 min.,,Light novel,R - 17+ (violence & profanity),"248,358","4,667"
142,Koukaku Kidoutai: Stand Alone Complex 2nd GIG,8.51,,TV,26,25 min. per ep.,Seinen,Manga,R - 17+ (violence & profanity),"236,658","3,229"
143,JoJo no Kimyou na Bouken Part 4: Diamond wa Kudakenai,8.50,,TV,39,23 min. per ep.,Shounen,Manga,R - 17+ (violence & profanity),"1,206,046","41,777"
144,Seishun Buta Yarou wa Santa Claus no Yume wo Minai,8.50,,TV,13,24 min. per ep.,,Light novel,PG-13 - Teens 13 or older,"113,965",545
145,Shoujo☆Kageki Revue Starlight Movie,8.50,,Movie,1,2 hr.,,Drama,PG-13 - Teens 13 or older,"24,179",981
146,Sono Bisque Doll wa Koi wo Suru Season 2,8.50,,TV,12,23 min. per ep.,Seinen,Manga,PG-13 - Teens 13 or older,"257,871","2,232"
147,Sora yori mo Tooi Basho,8.50,,TV,13,23 min. per ep.,,Adventure,PG-13 - Teens 13 or older,"536,970","14,580"
148,Yuru Camp△ Season 2,8.50,,TV,13,23 min. per ep.,,Manga,PG-13 - Teens 13 or older,"244,643","3,139"
149,Tian Guan Cifu Special,8.49,,ONA,1,21 min.,,Action,PG-13 - Teens 13 or older,"57,246",522
150,Tu Bian Yingxiong X,8.49,,ONA,24,24 min. per ep.,,Action,PG-13 - Teens 13 or older,"137,050","1,430"
151,Mahou Shoujo Madoka★Magica Movie 3: Hangyaku no Monogatari,8.49,,Movie,1,1 hr. 56 min.,,Award Winning,PG-13 - Teens 13 or older,"404,599","9,382"
152,Mob Psycho 100,8.49,,TV,12,24 min. per ep.,,Web manga,PG-13 - Teens 13 or older,"2,223,938","51,919"
153,Ousama Ranking,8.49,,TV,23,22 min. per ep.,,Web manga,PG-13 - Teens 13 or older,"716,372","13,415"
154,Dandadan,8.49,,TV,12,23 min. per ep.,Shounen,Manga,R - 17+ (violence & profanity),"767,896","12,088"
155,Uchuu Kyoudai,8.48,,TV,99,24 min. per ep.,Seinen,Manga,PG-13 - Teens 13 or older,"205,490","3,906"
156,Yakusoku no Neverland,8.48,,TV,12,22 min. per ep.,Shounen,Manga,R - 17+ (violence & profanity),"2,082,181","32,742"
157,One Punch Man,8.48,,TV,12,24 min. per ep.,Seinen,Web manga,R - 17+ (violence & profanity),"3,401,473","65,874"
158,Kimi ni Todoke 3rd Season,8.47,,ONA,5,1 hr. 6 min. per ep.,Shoujo,Manga,PG-13 - Teens 13 or older,"94,944",722
159,Nichijou,8.47,,TV,26,23 min. per ep.,Shounen,Manga,PG-13 - Teens 13 or older,"951,041","24,963"
160,Ansatsu Kyoushitsu 2nd Season,8.47,,TV,25,23 min. per ep.,Shounen,Manga,PG-13 - Teens 13 or older,"1,517,132","17,782"
161,Aria the Origination,8.47,,TV,13,24 min. per ep.,Shounen,Manga,G - All Ages,"137,527","4,236"
162,Fate/stay night Movie: Heaven's Feel - II. Lost Butterfly,8.47,,Movie,1,1 hr. 57 min.,,Action,R - 17+ (violence & profanity),"418,355","3,546"
163,Summertime Render,8.47,,TV,25,23 min. per ep.,Shounen,Manga,R - 17+ (violence & profanity),"627,773","10,656"
164,Spy x Family,8.46,,TV,12,24 min. per ep.,Shounen,Manga,PG-13 - Teens 13 or older,"1,762,451","40,337"
165,Uma Musume: Cinderella Gray,8.46,,TV,13,23 min. per ep.,Seinen,Manga,PG-13 - Teens 13 or older,"36,342",342
166,Yuu☆Yuu☆Hakusho,8.46,,TV,112,23 min. per ep.,Shounen,Manga,PG-13 - Teens 13 or older,"729,977","24,074"
167,Mo Dao Zu Shi,8.46,,ONA,15,25 min. per ep.,,Action,R - 17+ (violence & profanity),"247,059","7,020"
168,Mo Dao Zu Shi: Xian Yun Pian,8.46,,ONA,8,24 min. per ep.,,Action,R - 17+ (violence & profanity),"114,479","1,278"
169,Nezha Zhi Mo Tong Nao Hai,8.46,,Movie,1,2 hr. 25 min.,,Action,PG-13 - Teens 13 or older,"4,667",28
170,Rainbow: Nisha Rokubou no Shichinin,8.46,,TV,26,22 min. per ep.,Seinen,Manga,R - 17+ (violence & profanity),"414,630","8,580"
171,Chihayafuru 3,8.46,,TV,24,22 min. per ep.,Josei,Manga,PG-13 - Teens 13 or older,"151,739","1,648"
172,Gintama: The Semi-Final,8.46,,Special,2,24 min. per ep.,Shounen,Manga,PG-13 - Teens 13 or older,"87,305",262
173,Banana Fish,8.45,,TV,24,22 min. per ep.,Shoujo,Manga,R - 17+ (violence & profanity),"925,699","31,431"
174,Chainsaw Man,8.45,,TV,12,24 min. per ep.,Shounen,Manga,R - 17+ (violence & profanity),"1,774,197","51,173"
175,Given Movie 3: Umi e,8.45,,Movie,1,1 hr. 20 min.,,Manga,PG-13 - Teens 13 or older,"20,756",92
176,Steins;Gate Movie: Fuka Ryouiki no Déjà vu,8.45,,Movie,1,1 hr. 30 min.,,Drama,PG-13 - Teens 13 or older,"624,034","2,774"
177,Tian Guan Cifu Short Film,8.45,,ONA,Unknown,8 min.,,Action,PG-13 - Teens 13 or older,"7,946",84
178,Owarimonogatari,8.45,,TV,12,26 min. per ep.,,Light novel,R - 17+ (violence & profanity),"499,024","2,971"
179,Pluto,8.45,,ONA,8,1 hr. 1 min. per ep.,Seinen,Manga,PG-13 - Teens 13 or older,"220,706","2,905"
180,Re:Zero kara Hajimeru Isekai Seikatsu 3rd Season,8.45,,TV,16,28 min. per ep.,,Light novel,R - 17+ (violence & profanity),"419,887","5,876"
181,JoJo no Kimyou na Bouken Part 3: Stardust Crusaders - Egypt-hen,8.44,,TV,24,23 min. per ep.,Shounen,Manga,R - 17+ (violence & profanity),"1,191,439","21,508"
182,Doupo Cangqiong: Nian Fan,8.45,,ONA,157,24 min. per ep.,,Action,PG-13 - Teens 13 or older,"10,767",354
183,Grand Blue,8.44,,TV,12,24 min. per ep.,Seinen,Manga,PG-13 - Teens 13 or older,"848,083","21,053"
184,Haikyuu!!,8.44,,TV,25,24 min. per ep.,Shounen,Manga,PG-13 - Teens 13 or older,"2,094,915","76,653"
185,Bungou Stray Dogs 4th Season,8.43,,TV,13,23 min. per ep.,Seinen,Manga,R - 17+ (violence & profanity),"335,643","3,372"
186,Golden Kamuy 3rd Season,8.43,,TV,12,23 min. per ep.,Seinen,Manga,R - 17+ (violence & profanity),"187,700","1,569"
187,Hunter x Hunter,8.43,,TV,62,23 min. per ep.,Shounen,Manga,PG-13 - Teens 13 or older,"626,559","11,721"
188,Kimetsu no Yaiba,8.43,,TV,26,23 min. per ep.,Shounen,Manga,R - 17+ (violence & profanity),"3,275,897","93,033"
189,Zoku Owarimonogatari,8.43,,TV,6,28 min. per ep.,,Light novel,R - 17+ (violence & profanity),"244,002","1,025"
190,Violet Evergarden Gaiden: Eien to Jidou Shuki Ningyou,8.42,,Movie,1,1 hr. 31 min.,,Light novel,PG-13 - Teens 13 or older,"459,607","1,675"
191,Wu Liuqi: Xuanwu Guo Pian,8.42,,ONA,10,16 min. per ep.,,Action,R - 17+ (violence & profanity),"77,984",862
192,Dandadan 2nd Season,8.42,,TV,12,24 min. per ep.,Shounen,Manga,R - 17+ (violence & profanity),"253,151","1,255"
193,Gintama: Yorinuki Gintama-san on Theater 2D,8.42,,Movie,2,1 hr. 36 min. per ep.,Shounen,Manga,PG-13 - Teens 13 or older,"47,621",44
194,Karakai Jouzu no Takagi-san Movie,8.42,,Movie,1,1 hr. 13 min.,Shounen,Manga,PG-13 - Teens 13 or older,"88,241",759
195,Kono Oto Tomare! Part 2,8.42,,TV,13,23 min. per ep.,Shounen,Manga,PG-13 - Teens 13 or older,"194,078","1,800"
196,Koukaku Kidoutai: Stand Alone Complex,8.42,,TV,26,24 min. per ep.,Seinen,Manga,R - 17+ (violence & profanity),"414,076","8,809"
197,Mushishi Zoku Shou: Odoro no Michi,8.42,,TV Special,1,47 min.,Seinen,Manga,PG-13 - Teens 13 or older,"107,992",126
198,Natsume Yuujinchou Movie: Utsusemi ni Musubu,8.42,,Movie,1,1 hr. 44 min.,Shoujo,Manga,PG-13 - Teens 13 or older,"80,785",226
199,Re:Zero kara Hajimeru Isekai Seikatsu 2nd Season Part 2,8.42,,TV,12,29 min. per ep.,,Light novel,R - 17+ (violence & profanity),"1,004,005","13,174"
200,Kono Subarashii Sekai ni Shukufuku wo! Movie: Kurenai Densetsu,8.41,,Movie,1,1 hr. 30 min.,,Light novel,PG-13 - Teens 13 or older,"849,166","5,008"
201,Mononoke,8.41,,TV,12,22 min. per ep.,,Horror,R - 17+ (violence & profanity),"353,498","8,917"
202,Mushoku Tensei II: Isekai Ittara Honki Dasu Part 2,8.41,,TV,12,23 min. per ep.,,Light novel,R - 17+ (violence & profanity),"503,519","4,258"
203,Saenai Heroine no Sodatekata Fine,8.41,,Movie,1,1 hr. 54 min.,,Light novel,PG-13 - Teens 13 or older,"198,068","2,705"
204,Saiki Kusuo no Ψ-nan,8.41,,TV,120,5 min. per ep.,Shounen,Manga,PG-13 - Teens 13 or older,"1,193,488","32,293"
205,Saiki Kusuo no Ψ-nan 2,8.41,,TV,24,24 min. per ep.,Shounen,Manga,PG-13 - Teens 13 or older,"690,436","4,355"
206,Shingeki no Kyojin: Kuinaki Sentaku,8.41,,OVA,2,27 min. per ep.,,Action,R - 17+ (violence & profanity),"547,047","2,023"
207,Tian Guan Cifu,8.41,,ONA,11,26 min. per ep.,,Action,PG-13 - Teens 13 or older,"166,404","5,951"
208,Jujutsu Kaisen 0 Movie,8.40,,Movie,1,1 hr. 44 min.,Shounen,Manga,R - 17+ (violence & profanity),"1,132,052","10,788"
209,Kaguya-sama wa Kokurasetai: Tensai-tachi no Renai Zunousen,8.40,,TV,12,25 min. per ep.,Seinen,Manga,PG-13 - Teens 13 or older,"1,858,554","41,238"
210,Kamisama Hajimemashita: Kako-hen,8.40,,OVA,4,30 min. per ep.,Shoujo,Manga,PG-13 - Teens 13 or older,"178,638","1,086"
211,Natsume Yuujinchou Roku Specials,8.40,,Special,2,23 min. per ep.,Shoujo,Manga,PG-13 - Teens 13 or older,"52,147",79
212,Major S5,8.39,,TV,25,24 min. per ep.,Shounen,Manga,PG-13 - Teens 13 or older,"74,556",645
213,Ramayana: The Legend of Prince Rama,8.39,,Movie,1,2 hr. 15 min.,,Adventure,G - All Ages,"14,058",224
214,Sayonara no Asa ni Yakusoku no Hana wo Kazarou,8.39,,Movie,1,1 hr. 54 min.,,Drama,PG-13 - Teens 13 or older,"471,244","8,181"
215,Blue Giant,8.39,,Movie,1,1 hr. 59 min.,Seinen,Manga,PG-13 - Teens 13 or older,"41,680",410
216,Houseki no Kuni,8.39,,TV,12,24 min. per ep.,Seinen,Manga,PG-13 - Teens 13 or older,"497,746","14,469"
217,Cowboy Bebop: Tengoku no Tobira,8.38,,Movie,1,1 hr. 55 min.,,Action,R - 17+ (violence & profanity),"399,090","1,716"
218,Gintama°: Aizome Kaori-hen,8.38,,OVA,2,25 min. per ep.,Shounen,Manga,PG-13 - Teens 13 or older,"90,614",142
219,Josee to Tora to Sakana-tachi,8.38,,Movie,1,1 hr. 38 min.,,Drama,PG-13 - Teens 13 or older,"489,951","6,822"
220,Karakai Jouzu no Takagi-san 3,8.38,,TV,12,24 min. per ep.,Shounen,Manga,PG-13 - Teens 13 or older,"203,921","2,350"
221,Kaze ga Tsuyoku Fuiteiru,8.38,,TV,23,23 min. per ep.,,Drama,PG-13 - Teens 13 or older,"322,750","6,344"
222,Made in Abyss Movie 2: Hourou Suru Tasogare,8.38,,Movie,1,1 hr. 45 min.,,Web manga,R - 17+ (violence & profanity),"154,943",281
223,Mahou Shoujo Madoka★Magica,8.38,,TV,12,24 min. per ep.,,Award Winning,PG-13 - Teens 13 or older,"1,360,912","58,242"
224,Medalist,8.38,,TV,13,23 min. per ep.,Seinen,Manga,PG-13 - Teens 13 or older,"66,859",431
225,Tunshi Xingkong 3rd Season,8.38,,ONA,33,21 min. per ep.,,Action,PG-13 - Teens 13 or older,"4,162",39
226,Vivy: Fluorite Eye's Song,8.38,,TV,13,24 min. per ep.,,Action,R - 17+ (violence & profanity),"583,062","11,222"
227,Yuru Camp△ Movie,8.38,,Movie,1,2 hr.,,Manga,PG-13 - Teens 13 or older,"90,207",466
228,Tunshi Xingkong 4th Season,8.37,,ONA,123,21 min. per ep.,,Action,PG-13 - Teens 13 or older,"4,818",130
229,Violet Evergarden: Recollections,8.37,,Special,1,1 hr. 35 min.,,Light novel,PG-13 - Teens 13 or older,"40,828",166
230,Xian Ni,8.37,,ONA,128,25 min. per ep.,,Action,PG-13 - Teens 13 or older,"7,856",190
231,3-gatsu no Lion,8.37,,TV,22,25 min. per ep.,Seinen,Manga,PG-13 - Teens 13 or older,"713,084","16,090"
232,Barakamon,8.37,,TV,12,22 min. per ep.,,Web manga,PG-13 - Teens 13 or older,"695,406","13,236"
233,Chihayafuru 2,8.37,,TV,25,22 min. per ep.,Josei,Manga,PG-13 - Teens 13 or older,"247,247","1,648"
234,Cross Game,8.37,,TV,50,23 min. per ep.,Shounen,Manga,PG-13 - Teens 13 or older,"130,209","3,057"
235,Fruits Basket: Prelude,8.37,,Movie,1,1 hr. 28 min.,Shoujo,Manga,PG-13 - Teens 13 or older,"122,912",864
236,Girls Band Cry,8.37,,TV,13,23 min. per ep.,,Drama,PG-13 - Teens 13 or older,"117,543","2,692"
237,Haikyuu!! To the Top,8.37,,TV,13,24 min. per ep.,Shounen,Manga,PG-13 - Teens 13 or older,"1,010,077","5,442"
238,Kara no Kyoukai Movie 7: Satsujin Kousatsu (Go),8.37,,Movie,1,2 hr. 1 min.,,Light novel,R - 17+ (violence & profanity),"214,772","2,319"
239,Mahou Shoujo Madoka★Magica Movie 2: Eien no Monogatari,8.37,,Movie,1,1 hr. 49 min.,,Drama,PG-13 - Teens 13 or older,"214,232","1,092"
240,Kizumonogatari I: Tekketsu-hen,8.36,,Movie,1,1 hr. 4 min.,,Light novel,R - 17+ (violence & profanity),"561,564","3,837"
241,Shinseiki Evangelion,8.36,,TV,26,24 min. per ep.,,Action,PG-13 - Teens 13 or older,"1,940,193","112,706"
242,Gintama: Shiroyasha Koutan,8.36,,Special,1,10 min.,,Manga,PG-13 - Teens 13 or older,"73,764",92
243,Girls & Panzer: Saishuushou Part 4,8.36,,Movie,1,54 min.,,CGDCT,PG-13 - Teens 13 or older,"23,093",109
244,Baccano!,8.35,,TV,13,24 min. per ep.,,Light novel,R - 17+ (violence & profanity),"939,965","23,556"
245,Douluo Dalu 2nd Season,8.35,,ONA,237,20 min. per ep.,,Action,PG-13 - Teens 13 or older,"23,063",483
246,Initial D First Stage,8.35,,TV,26,25 min. per ep.,Seinen,Manga,PG-13 - Teens 13 or older,"418,919","13,323"
247,K-On! Movie,8.35,,Movie,1,1 hr. 50 min.,,4-koma manga,PG-13 - Teens 13 or older,"345,951","2,920"
248,Kaze no Tani no Nausicaä,8.35,,Movie,1,1 hr. 57 min.,,Manga,PG-13 - Teens 13 or older,"400,704","5,767"
249,Kimetsu no Yaiba: Mugen Ressha-hen,8.35,,TV,7,24 min. per ep.,Shounen,Manga,R - 17+ (violence & profanity),"889,312","4,537"
250,Kono Subarashii Sekai ni Shukufuku wo! 3,8.35,,TV,11,23 min. per ep.,,Light novel,PG-13 - Teens 13 or older,"501,325","5,456"
251,Meitantei Conan Movie 26: Kurogane no Submarine,8.35,,Movie,1,1 hr. 49 min.,Shounen,Manga,PG-13 - Teens 13 or older,"16,795",112
252,Mushoku Tensei: Isekai Ittara Honki Dasu,8.35,,TV,11,23 min. per ep.,,Light novel,R - 17+ (violence & profanity),"1,481,394","37,613"
253,Non Non Biyori Nonstop,8.35,,TV,12,24 min. per ep.,Seinen,Manga,PG-13 - Teens 13 or older,"134,636",967
254,Tensei shitara Slime Datta Ken 2nd Season,8.35,,TV,12,23 min. per ep.,Shounen,Manga,PG-13 - Teens 13 or older,"1,058,106","10,922"
255,Versailles no Bara,8.35,,TV,40,24 min. per ep.,Shoujo,Manga,PG-13 - Teens 13 or older,"108,895","3,287"
256,"Violet Evergarden: Kitto ""Ai"" wo Shiru Hi ga Kuru no Darou",8.35,,Special,1,34 min.,,Light novel,PG-13 - Teens 13 or older,"356,956",953
257,Yahari Ore no Seishun Love Comedy wa Machigatteiru. Kan,8.35,,TV,12,24 min. per ep.,,Light novel,PG-13 - Teens 13 or older,"787,435","14,660"
258,Wu Shan Wu Xing: Xichuan Huan Zi Lin,8.34,,ONA,4,38 min. per ep.,,Action,R - 17+ (violence & profanity),"17,413",127
259,Fumetsu no Anata e,8.34,,TV,20,25 min. per ep.,Shounen,Manga,R - 17+ (violence & profanity),"944,012","15,454"
260,Hellsing Ultimate,8.34,,OVA,10,49 min. per ep.,Seinen,Manga,R - 17+ (violence & profanity),"985,009","22,911"
261,Hibike! Euphonium 2,8.34,,TV,13,23 min. per ep.,,Drama,PG-13 - Teens 13 or older,"249,086","3,771"
262,IDOLiSH7 Third Beat! Part 2,8.34,,TV,17,24 min. per ep.,,Drama,PG-13 - Teens 13 or older,"17,069",268
263,86,8.33,,TV,11,23 min. per ep.,,Light novel,R - 17+ (violence & profanity),"896,595","24,388"
264,Ashita no Joe,8.33,,TV,79,25 min. per ep.,Shounen,Manga,PG-13 - Teens 13 or older,"104,382","2,263"
265,Bakuman. 2nd Season,8.33,,TV,25,24 min. per ep.,Shounen,Manga,PG-13 - Teens 13 or older,"365,934","1,382"
266,Natsume Yuujinchou: Itsuka Yuki no Hi ni,8.33,,OVA,1,22 min.,Shoujo,Manga,PG-13 - Teens 13 or older,"85,245",116
267,Psycho-Pass,8.33,,TV,22,23 min. per ep.,,Action,R - 17+ (violence & profanity),"1,706,462","39,732"
268,Re:Zero kara Hajimeru Isekai Seikatsu 2nd Season,8.33,,TV,13,26 min. per ep.,,Light novel,R - 17+ (violence & profanity),"1,216,639","12,204"
269,Kidou Senshi Gundam: The Origin,8.32,,OVA,6,1 hr. 11 min. per ep.,Shounen,Manga,R+ - Mild Nudity,"81,282",935
270,Kiseijuu: Sei no Kakuritsu,8.32,,TV,24,23 min. per ep.,Seinen,Manga,R - 17+ (violence & profanity),"1,976,321","36,020"
271,One Outs,8.32,,TV,25,23 min. per ep.,Seinen,Manga,PG-13 - Teens 13 or older,"250,492","4,188"
272,Seishun Buta Yarou wa Randoseru Girl no Yume wo Minai,8.32,,Movie,1,1 hr. 14 min.,,Light novel,PG-13 - Teens 13 or older,"137,201",541
273,Usagi Drop,8.32,,TV,11,22 min. per ep.,Josei,Manga,PG-13 - Teens 13 or older,"515,474","6,008"
274,Bakemonogatari,8.32,,TV,15,25 min. per ep.,,Light novel,R - 17+ (violence & profanity),"1,456,450","50,361"
275,Bocchi the Rock! Movie,8.32,,Movie,2,1 hr. 22 min. per ep.,,4-koma manga,PG-13 - Teens 13 or older,"66,148",442
276,Dr. Stone: New World Part 2,8.32,,TV,11,23 min. per ep.,Shounen,Manga,PG-13 - Teens 13 or older,"370,791","1,570"
277,Fate/stay night: Unlimited Blade Works 2nd Season,8.32,,TV,13,24 min. per ep.,,Action,R - 17+ (violence & profanity),"894,962","9,488"
278,Ginga Eiyuu Densetsu: Die Neue These - Gekitotsu,8.32,,Movie,12,25 min. per ep.,,Drama,R - 17+ (violence & profanity),"24,865",139
279,Ginga Eiyuu Densetsu: Die Neue These - Sakubou,8.31,,Movie,12,25 min. per ep.,,Drama,R - 17+ (violence & profanity),"17,509",66
280,Hunter x Hunter: Original Video Animation,8.31,,OVA,8,23 min. per ep.,Shounen,Manga,PG-13 - Teens 13 or older,"133,977",435
281,Major S6,8.31,,TV,25,24 min. per ep.,Shounen,Manga,PG-13 - Teens 13 or older,"66,117",475
282,Natsume Yuujinchou Go Specials,8.31,,Special,2,23 min. per ep.,Shoujo,Manga,PG-13 - Teens 13 or older,"50,853",66
283,NHK ni Youkoso!,8.31,,TV,24,23 min. per ep.,,Comedy,R+ - Mild Nudity,"798,646","28,569"
284,Romeo no Aoi Sora,8.31,,TV,33,23 min. per ep.,,Adventure,PG-13 - Teens 13 or older,"54,328",681
285,Sasaki to Miyano Movie: Sotsugyou-hen,8.31,,Movie,1,51 min.,,Manga,PG-13 - Teens 13 or older,"54,014",377
286,Shiguang Dailiren: Yingdu Pian,8.31,,ONA,6,32 min. per ep.,,Drama,PG-13 - Teens 13 or older,"54,079",423
287,Tunshi Xingkong 2nd Season,8.31,,ONA,26,21 min. per ep.,,Action,PG-13 - Teens 13 or older,"8,077",138
288,Uchuu Senkan Yamato 2199,8.31,,OVA,26,25 min. per ep.,,Action,PG-13 - Teens 13 or older,"122,532","1,860"
289,Tensei shitara Slime Datta Ken 2nd Season Part 2,8.30,,TV,12,23 min. per ep.,Shounen,Manga,PG-13 - Teens 13 or older,"858,905","11,020"
290,Boku dake ga Inai Machi,8.30,,TV,12,23 min. per ep.,Seinen,Manga,R - 17+ (violence & profanity),"2,214,535","50,121"
291,Diamond no Ace: Second Season,8.30,,TV,51,24 min. per ep.,Shounen,Manga,PG-13 - Teens 13 or older,"146,617","1,106"
292,Doraemon Movie 31: Shin Nobita to Tetsujin Heidan - Habatake Tenshi-tachi,8.30,,Movie,1,1 hr. 48 min.,,Manga,PG - Children,"20,528",173
293,Evangelion Movie 2: Ha,8.30,,Movie,1,1 hr. 52 min.,,Action,R+ - Mild Nudity,"573,461","3,532"
294,Given,8.30,,TV,11,22 min. per ep.,,Manga,PG-13 - Teens 13 or older,"612,064","17,776"
295,Katanagatari,8.30,,TV,12,49 min. per ep.,,Light novel,R - 17+ (violence & profanity),"582,379","10,856"
296,Kingdom 2nd Season,8.30,,TV,39,25 min. per ep.,Seinen,Manga,R - 17+ (violence & profanity),"140,264",905
297,Luo Xiao Hei Zhan Ji (Movie),8.30,,Movie,1,1 hr. 41 min.,,Adventure,G - All Ages,"31,324",417
298,Natsume Yuujinchou,8.30,,TV,13,24 min. per ep.,Shoujo,Manga,PG-13 - Teens 13 or older,"572,329","16,463"
299,Ookami to Koushinryou II,8.30,,TV,12,23 min. per ep.,,Light novel,PG-13 - Teens 13 or older,"512,226","4,293"
300,Kage no Jitsuryokusha ni Naritakute! 2nd Season,8.29,,TV,12,23 min. per ep.,,Light novel,R - 17+ (violence & profanity),"476,023","4,988"
301,Kemono no Souja Erin,8.29,,TV,50,24 min. per ep.,,Drama,PG-13 - Teens 13 or older,"91,772","1,511"
302,Kuroko no Basket 3rd Season,8.29,,TV,25,24 min. per ep.,Shounen,Manga,PG-13 - Teens 13 or older,"805,624","5,162"
303,Meitantei Conan Movie 06: Baker Street no Bourei,8.29,,Movie,1,1 hr. 47 min.,Shounen,Manga,PG-13 - Teens 13 or older,"83,352",276
304,Redline,8.29,,Movie,1,1 hr. 42 min.,,Action,R+ - Mild Nudity,"407,784","5,994"
305,Sakamichi no Apollon,8.29,,TV,12,22 min. per ep.,Josei,Manga,PG-13 - Teens 13 or older,"406,648","7,194"
306,Steins;Gate: Oukoubakko no Poriomania,8.29,,Special,1,24 min.,,Comedy,PG-13 - Teens 13 or older,"460,966",879
307,Ano Hi Mita Hana no Namae wo Bokutachi wa Mada Shiranai.,8.29,,TV,11,22 min. per ep.,,Drama,PG-13 - Teens 13 or older,"1,669,114","32,867"
308,Beck,8.29,,TV,26,25 min. per ep.,Shounen,Manga,R - 17+ (violence & profanity),"362,307","8,896"
309,Initial D Final Stage,8.29,,TV,4,27 min. per ep.,Seinen,Manga,PG-13 - Teens 13 or older,"158,933","1,022"
310,Ginga Eiyuu Densetsu: Die Neue These - Seiran 3,8.28,,Movie,4,25 min. per ep.,,Drama,R - 17+ (violence & profanity),"29,257",111
311,Gintama: Shinyaku Benizakura-hen,8.28,,Special,1,11 min.,Shounen,Manga,PG-13 - Teens 13 or older,"46,512",53
312,Kaijuu 8-gou,8.28,,TV,12,23 min. per ep.,Shounen,Manga,PG-13 - Teens 13 or older,"615,674","6,098"
313,Kino no Tabi: The Beautiful World,8.28,,TV,13,24 min. per ep.,,Light novel,R - 17+ (violence & profanity),"340,961","7,340"
314,Major: World Series,8.28,,OVA,2,28 min. per ep.,Shounen,Manga,PG-13 - Teens 13 or older,"39,509",102
315,Naruto: Shippuuden,8.28,,TV,500,23 min. per ep.,Shounen,Manga,PG-13 - Teens 13 or older,"2,641,068","116,994"
316,Rurouni Kenshin: Meiji Kenkaku Romantan,8.28,,TV,94,25 min. per ep.,Shounen,Manga,PG-13 - Teens 13 or older,"515,106","10,266"
317,"Shangri-La Frontier: Kusoge Hunter, Kamige ni Idoman to su 2nd Season",8.28,,TV,25,23 min. per ep.,Shounen,Manga,PG-13 - Teens 13 or older,"215,825","1,341"
318,Tokyo Godfathers,8.28,,Movie,1,1 hr. 32 min.,,Award Winning,PG-13 - Teens 13 or older,"316,012","2,849"
319,Yuukoku no Moriarty Part 2,8.28,,TV,13,23 min. per ep.,Shounen,Manga,R - 17+ (violence & profanity),"278,174","3,244"
320,Shirobako,8.27,,TV,24,24 min. per ep.,,Award Winning,PG-13 - Teens 13 or older,"462,729","6,237"
321,Tanoshii Muumin Ikka,8.27,,TV,78,24 min. per ep.,Kids,Adventure,G - All Ages,"31,687",820
322,Tenki no Ko,8.27,,Movie,1,1 hr. 52 min.,,Award Winning,PG-13 - Teens 13 or older,"1,080,511","13,036"
323,Yuru Camp△,8.27,,TV,12,23 min. per ep.,,Manga,PG-13 - Teens 13 or older,"525,260","11,729"
324,Diamond no Ace: Act II,8.27,,TV,52,24 min. per ep.,Shounen,Manga,PG-13 - Teens 13 or older,"97,970","1,058"
325,Doukyuusei,8.27,,Movie,1,1 hr.,,Manga,PG-13 - Teens 13 or older,"286,204","6,445"
326,Fate/Zero,8.27,,TV,13,27 min. per ep.,,Light novel,R - 17+ (violence & profanity),"1,563,946","34,126"
327,Gin no Saji 2nd Season,8.27,,TV,11,24 min. per ep.,Shounen,Manga,PG-13 - Teens 13 or older,"152,296",695
328,Hotarubi no Mori e,8.27,,Movie,1,45 min.,Shoujo,Manga,G - All Ages,"858,244","10,505"
329,Koukaku Kidoutai,8.27,,Movie,1,1 hr. 22 min.,Seinen,Manga,R+ - Mild Nudity,"676,691","13,754"
330,Space☆Dandy 2nd Season,8.26,,TV,13,24 min. per ep.,,Comedy,PG-13 - Teens 13 or older,"177,874","1,914"
331,Steins;Gate: Kyoukaimenjou no Missing Link - Divide By Zero,8.26,,TV Special,1,24 min.,,Sci-Fi,PG-13 - Teens 13 or older,"279,185",469
332,Suzume no Tojimari,8.26,,Movie,1,2 hr. 1 min.,,Adventure,PG-13 - Teens 13 or older,"451,606","5,254"
333,Tenkuu no Shiro Laputa,8.26,,Movie,1,2 hr. 4 min.,,Adventure,PG - Children,"519,605","4,632"
334,Tsubasa: Tokyo Revelations,8.26,,OVA,3,24 min. per ep.,Shounen,Manga,R - 17+ (violence & profanity),"99,955",826
335,Doupo Cangqiong 4th Season,8.26,,ONA,24,24 min. per ep.,,Action,PG-13 - Teens 13 or older,"9,581",108
336,Dr. Stone,8.26,,TV,24,24 min. per ep.,Shounen,Manga,PG-13 - Teens 13 or older,"1,869,090","29,992"
337,Gyakkyou Burai Kaiji: Ultimate Survivor,8.26,,TV,26,23 min. per ep.,Seinen,Manga,R - 17+ (violence & profanity),"377,807","10,569"
338,Dororo,8.25,,TV,24,24 min. per ep.,Shounen,Manga,R - 17+ (violence & profanity),"1,319,697","22,270"
339,Dungeon ni Deai wo Motomeru no wa Machigatteiru Darou ka IV: Shin Shou - Yakusai-hen,8.25,,TV,11,23 min. per ep.,,Light novel,R - 17+ (violence & profanity),"271,734","1,821"
340,Haikyuu!! Movie 4: Concept no Tatakai,8.25,,Movie,1,1 hr. 28 min.,Shounen,Manga,PG-13 - Teens 13 or older,"98,925",90
341,Hajime no Ippo: Champion Road,8.25,,TV Special,1,1 hr. 31 min.,Shounen,Manga,PG-13 - Teens 13 or older,"150,791",265
342,Hunter x Hunter: Greed Island Final,8.25,,OVA,14,23 min. per ep.,Shounen,Manga,PG-13 - Teens 13 or older,"153,206",253
343,Kage no Jitsuryokusha ni Naritakute!,8.25,,TV,20,23 min. per ep.,,Light novel,R - 17+ (violence & profanity),"788,281","17,163"
344,Kono Subarashii Sekai ni Shukufuku wo! 2,8.25,,TV,10,23 min. per ep.,,Light novel,PG-13 - Teens 13 or older,"1,603,364","12,011"
345,Nodame Cantabile,8.25,,TV,23,22 min. per ep.,Josei,Manga,PG-13 - Teens 13 or older,"326,222","4,950"
346,Ore dake Level Up na Ken,8.25,,TV,12,23 min. per ep.,,Web manga,R - 17+ (violence & profanity),"990,209","18,649"
347,Planetes,8.25,,TV,26,25 min. per ep.,Seinen,Manga,PG-13 - Teens 13 or older,"270,204","4,020"
348,Shinsekai yori,8.25,,TV,25,22 min. per ep.,,Drama,R - 17+ (violence & profanity),"806,551","22,239"
349,Stranger: Mukou Hadan,8.25,,Movie,1,1 hr. 42 min.,,Action,R - 17+ (violence & profanity),"347,056","3,032"
350,Tonari no Totoro,8.25,,Movie,1,1 hr. 26 min.,,Adventure,G - All Ages,"1,125,155","8,979"
351,Sennen Joyuu,8.24,,Movie,1,1 hr. 26 min.,,Action,PG-13 - Teens 13 or older,"202,011","2,867"
352,World Trigger 3rd Season,8.24,,TV,14,23 min. per ep.,Shounen,Manga,PG-13 - Teens 13 or older,"133,039","1,242"
353,Dr. Stone: Science Future,8.24,,TV,12,24 min. per ep.,Shounen,Manga,PG-13 - Teens 13 or older,"234,222","1,032"
354,Fanren Xiu Xian Chuan: Xinghai Feichi,8.24,,ONA,48,20 min. per ep.,,Action,PG-13 - Teens 13 or older,"3,006",34
355,Golden Kamuy 2nd Season,8.24,,TV,12,23 min. per ep.,Seinen,Manga,R - 17+ (violence & profanity),"224,821",994
356,Gyakkyou Burai Kaiji: Hakairoku-hen,8.24,,TV,26,24 min. per ep.,Seinen,Manga,R - 17+ (violence & profanity),"206,852","2,913"
357,Hajime no Ippo: Mashiba vs. Kimura,8.24,,OVA,1,1 hr. 1 min.,Shounen,Manga,PG-13 - Teens 13 or older,"122,081",226
358,Kuroshitsuji Movie: Book of the Atlantic,8.24,,Movie,1,1 hr. 40 min.,Shounen,Manga,R - 17+ (violence & profanity),"217,766","1,620"
359,Meitantei Conan: Episode One - Chiisaku Natta Meitantei,8.24,,TV Special,1,1 hr. 33 min.,Shounen,Manga,PG-13 - Teens 13 or older,"33,597",65
360,Non Non Biyori Movie: Vacation,8.24,,Movie,1,1 hr. 11 min.,Seinen,Manga,PG-13 - Teens 13 or older,"83,927",212
361,Re:Zero kara Hajimeru Isekai Seikatsu,8.24,,TV,25,26 min. per ep.,,Light novel,R - 17+ (violence & profanity),"2,355,970","72,477"
362,Kamisama Hajimemashita◎,8.23,,TV,12,23 min. per ep.,Shoujo,Manga,PG-13 - Teens 13 or older,"446,784","3,621"
363,Kidou Senshi Gundam: Tekketsu no Orphans 2nd Season,8.23,,TV,25,24 min. per ep.,,Action,R - 17+ (violence & profanity),"154,890","1,711"
364,Majo no Takkyuubin,8.23,,Movie,1,1 hr. 43 min.,,Adventure,G - All Ages,"633,853","6,389"
365,Seishun Buta Yarou wa Bunny Girl Senpai no Yume wo Minai,8.23,,TV,13,24 min. per ep.,,Light novel,PG-13 - Teens 13 or older,"1,869,427","49,346"
366,Shoujo Shuumatsu Ryokou,8.23,,TV,12,23 min. per ep.,,Web manga,PG-13 - Teens 13 or older,"378,522","7,981"
367,Wu Liuqi: Anying Suming,8.23,,ONA,10,16 min. per ep.,,Action,R - 17+ (violence & profanity),"34,217",208
368,Youjo Senki Movie,8.23,,Movie,1,1 hr. 38 min.,,Light novel,R - 17+ (violence & profanity),"310,552","1,199"
369,Bakemono no Ko,8.23,,Movie,1,1 hr. 59 min.,,Fantasy,PG-13 - Teens 13 or older,"444,321","3,243"
370,BanG Dream! It's MyGO!!!!!,8.23,,TV,13,23 min. per ep.,,Drama,PG-13 - Teens 13 or older,"35,964",984
371,Boku no Hero Academia 6th Season,8.23,,TV,25,23 min. per ep.,Shounen,Manga,PG-13 - Teens 13 or older,"748,776","7,315"
372,Boku no Kokoro no Yabai Yatsu,8.23,,TV,12,23 min. per ep.,Shounen,Manga,PG-13 - Teens 13 or older,"394,285","5,825"
373,Chiikawa,8.23,,TV,Unknown,1 min.,Seinen,Web manga,G - All Ages,"10,154",290
374,Danshi Koukousei no Nichijou,8.23,,TV,12,24 min. per ep.,,Web manga,PG-13 - Teens 13 or older,"863,483","14,692"
375,IDOLiSH7 Third Beat!,8.23,,TV,13,24 min. per ep.,,Drama,PG-13 - Teens 13 or older,"25,909",399
376,Kobayashi-san Chi no Maid Dragon S,8.22,,TV,12,23 min. per ep.,,Manga,PG-13 - Teens 13 or older,"592,360","5,776"
377,Kono Sekai no Katasumi ni,8.22,,Movie,1,2 hr. 48 min.,Seinen,Manga,PG-13 - Teens 13 or older,"201,630","1,642"
378,Liz to Aoi Tori,8.22,,Movie,1,1 hr. 30 min.,,Award Winning,PG-13 - Teens 13 or older,"155,532","3,011"
379,Mahou Shoujo Madoka★Magica Movie 1: Hajimari no Monogatari,8.22,,Movie,1,2 hr. 11 min.,,Drama,PG-13 - Teens 13 or older,"210,780",971
380,Mimi wo Sumaseba,8.22,,Movie,1,1 hr. 51 min.,Shoujo,Manga,G - All Ages,"391,344","5,519"
381,Mushoku Tensei II: Isekai Ittara Honki Dasu,8.22,,TV,12,23 min. per ep.,,Light novel,R - 17+ (violence & profanity),"687,239","7,536"
382,Nodame Cantabile Finale,8.22,,TV,11,22 min. per ep.,Josei,Manga,PG-13 - Teens 13 or older,"131,777",410
383,Shen Yin Wangzuo 2nd Season,8.22,,ONA,182,20 min. per ep.,,Action,PG-13 - Teens 13 or older,"6,703",141
384,Shoujo Kakumei Utena,8.22,,TV,39,23 min. per ep.,,Award Winning,PG-13 - Teens 13 or older,"236,953","9,216"
385,Spy x Family Part 2,8.22,,TV,13,24 min. per ep.,Shounen,Manga,PG-13 - Teens 13 or older,"1,051,955","7,579"
386,Trigun,8.22,,TV,26,24 min. per ep.,Shounen,Manga,PG-13 - Teens 13 or older,"805,402","16,911"
387,Wu Liuqi: Zui Qiang Fa Xing Shi,8.22,,ONA,10,16 min. per ep.,,Action,PG-13 - Teens 13 or older,"90,900",596
388,Saiki Kusuo no Ψ-nan: Kanketsu-hen,8.21,,TV Special,1,47 min.,Shounen,Manga,PG-13 - Teens 13 or older,"238,023",416
389,Tengoku Daimakyou,8.21,,TV,13,23 min. per ep.,Seinen,Manga,R - 17+ (violence & profanity),"578,434","7,083"
390,Yofukashi no Uta Season 2,8.21,,TV,12,22 min. per ep.,Shounen,Manga,PG-13 - Teens 13 or older,"131,195",571
391,Yubisaki to Renren,8.21,,TV,12,23 min. per ep.,Shoujo,Manga,PG-13 - Teens 13 or older,"303,176","4,021"
392,Ao no Hako,8.21,,TV,25,23 min. per ep.,Shounen,Manga,PG-13 - Teens 13 or older,"265,071","3,487"
393,Berserk: Ougon Jidai-hen III - Kourin,8.21,,Movie,1,1 hr. 50 min.,Seinen,Manga,R+ - Mild Nudity,"239,594","1,678"
394,Cardcaptor Sakura Movie 2: Fuuin Sareta Card,8.21,,Movie,1,1 hr. 22 min.,Shoujo,Manga,PG - Children,"121,010",494
395,Fruits Basket 1st Season,8.21,,TV,25,23 min. per ep.,Shoujo,Manga,PG-13 - Teens 13 or older,"904,768","17,525"
396,Kaguya-hime no Monogatari,8.21,,Movie,1,2 hr. 17 min.,,Award Winning,R+ - Mild Nudity,"250,372","2,903"
397,Major S3,8.21,,TV,26,25 min. per ep.,Shounen,Manga,PG-13 - Teens 13 or older,"73,151",353
398,Ookami to Koushinryou,8.21,,TV,13,23 min. per ep.,,Light novel,PG-13 - Teens 13 or older,"852,983","18,130"
399,ReLIFE: Kanketsu-hen,8.21,,Special,4,23 min. per ep.,,Web manga,PG-13 - Teens 13 or older,"428,358","2,039"
400,InuYasha: Kanketsu-hen,8.20,,TV,26,24 min. per ep.,Shounen,Manga,PG-13 - Teens 13 or older,"298,066","2,282"
401,Kuroko no Basket 2nd Season,8.20,,TV,25,24 min. per ep.,Shounen,Manga,PG-13 - Teens 13 or older,"900,589","4,396"
402,Magi: The Kingdom of Magic,8.20,,TV,25,25 min. per ep.,Shounen,Manga,PG-13 - Teens 13 or older,"878,256","7,740"
403,Major S1,8.20,,TV,26,25 min. per ep.,Shounen,Manga,PG-13 - Teens 13 or older,"105,955","1,420"
404,Meitantei Conan Movie 13: Shikkoku no Chaser,8.20,,Movie,1,1 hr. 51 min.,Shounen,Manga,PG-13 - Teens 13 or older,"63,417",77
405,Quanzhi Gaoshou Specials,8.20,,ONA,3,27 min. per ep.,,Action,PG-13 - Teens 13 or older,"111,096",350
406,Sasaki to Miyano,8.20,,TV,12,23 min. per ep.,,Web manga,PG-13 - Teens 13 or older,"221,067","5,403"
407,SKET Dance,8.20,,TV,77,24 min. per ep.,Shounen,Manga,PG-13 - Teens 13 or older,"233,827","3,256"
408,xxxHOLiC◆Kei,8.20,,TV,13,24 min. per ep.,Seinen,Manga,PG-13 - Teens 13 or older,"151,349",634
409,Yahari Ore no Seishun Love Comedy wa Machigatteiru. Zoku,8.20,,TV,13,24 min. per ep.,,Light novel,PG-13 - Teens 13 or older,"1,124,969","16,072"
410,Bungou Stray Dogs 3rd Season,8.20,,TV,12,23 min. per ep.,Seinen,Manga,R - 17+ (violence & profanity),"683,312","5,070"
411,Dragon Ball Super: Broly,8.20,,Movie,1,1 hr. 40 min.,Shounen,Manga,PG-13 - Teens 13 or older,"444,591","3,429"
412,Dragon Ball Z,8.20,,TV,291,24 min. per ep.,Shounen,Manga,PG-13 - Teens 13 or older,"1,287,301","40,738"
413,Great Pretender,8.20,,TV,23,23 min. per ep.,,Action,R - 17+ (violence & profanity),"717,365","10,339"
414,Hikaru ga Shinda Natsu,8.20,,TV,12,22 min. per ep.,,Web manga,R - 17+ (violence & profanity),"101,998",411
415,Asobi Asobase,8.19,,TV,12,23 min. per ep.,Seinen,Manga,PG-13 - Teens 13 or older,"515,655","7,179"
416,Girls & Panzer Movie,8.19,,Movie,1,2 hr.,,Action,PG-13 - Teens 13 or older,"126,199","1,463"
417,Haikyuu!! Movie 3: Sainou to Sense,8.19,,Movie,1,1 hr. 29 min.,Shounen,Manga,PG-13 - Teens 13 or older,"102,146",105
418,Horimiya,8.19,,TV,13,23 min. per ep.,Shounen,Manga,PG-13 - Teens 13 or older,"1,534,089","38,356"
419,Kuroshitsuji: Midori no Majo-hen,8.19,,TV,13,23 min. per ep.,Shounen,Manga,R - 17+ (violence & profanity),"54,429",392
420,Maison Ikkoku,8.19,,TV,96,25 min. per ep.,Seinen,Manga,R+ - Mild Nudity,"79,875","1,839"
421,Mo Dao Zu Shi Q,8.19,,ONA,30,5 min. per ep.,,Comedy,PG-13 - Teens 13 or older,"27,224",252
422,One Piece Movie 14: Stampede,8.19,,Movie,1,1 hr. 41 min.,Shounen,Manga,PG-13 - Teens 13 or older,"210,904",679
423,One Piece: Episode of Merry - Mou Hitori no Nakama no Monogatari,8.19,,TV Special,1,1 hr. 46 min.,Shounen,Manga,PG-13 - Teens 13 or older,"79,034",77
424,Senki Zesshou Symphogear XV,8.19,,TV,13,23 min. per ep.,,Action,PG-13 - Teens 13 or older,"42,786",906
425,Stand By Me Doraemon 2,8.19,,Movie,1,1 hr. 35 min.,Kids,Manga,PG - Children,"39,913",139
426,Vanitas no Karte Part 2,8.19,,TV,12,23 min. per ep.,Shounen,Manga,R - 17+ (violence & profanity),"326,515","2,846"
427,Wu Liuqi: Jiyi Suipian,8.19,,ONA,10,15 min. per ep.,,Action,R - 17+ (violence & profanity),"12,614",54
428,xxxHOLiC Rou,8.18,,OVA,2,34 min. per ep.,Seinen,Manga,PG-13 - Teens 13 or older,"84,506",194
429,Yi Nian Yong Heng: Chuan Cheng Pian,8.18,,ONA,54,19 min. per ep.,,Action,PG-13 - Teens 13 or older,"8,459",98
430,Yojouhan Time Machine Blues,8.18,,ONA,6,20 min. per ep.,,Comedy,PG-13 - Teens 13 or older,"60,919",324
431,Ballroom e Youkoso,8.18,,TV,24,24 min. per ep.,Shounen,Manga,PG-13 - Teens 13 or older,"353,536","3,706"
432,Blue Lock,8.18,,TV,24,24 min. per ep.,Shounen,Manga,PG-13 - Teens 13 or older,"822,643","14,023"
433,Cardcaptor Sakura,8.18,,TV,70,25 min. per ep.,Shoujo,Manga,PG - Children,"471,967","14,309"
434,Chihayafuru,8.18,,TV,25,22 min. per ep.,Josei,Manga,PG-13 - Teens 13 or older,"483,790","8,227"
435,Fate/stay night: Unlimited Blade Works,8.18,,TV,12,28 min. per ep.,,Action,R - 17+ (violence & profanity),"1,137,697","17,072"
436,Fate/strange Fake: Whispers of Dawn,8.18,,TV Special,1,55 min.,,Light novel,R - 17+ (violence & profanity),"96,116",371
437,Ginga Eiyuu Densetsu: Die Neue These - Seiran 2,8.18,,Movie,4,25 min. per ep.,,Drama,R - 17+ (violence & profanity),"40,029",58
438,Hachimitsu to Clover II,8.18,,TV,12,23 min. per ep.,Josei,Manga,PG-13 - Teens 13 or older,"122,864",954
439,Hunter x Hunter: Greed Island,8.18,,OVA,8,23 min. per ep.,Shounen,Manga,PG-13 - Teens 13 or older,"177,585",313
440,Initial D Second Stage,8.18,,TV,13,23 min. per ep.,Seinen,Manga,PG-13 - Teens 13 or older,"251,734","1,170"
441,K-On!!,8.18,,TV,26,24 min. per ep.,,4-koma manga,PG-13 - Teens 13 or older,"730,626","14,964"
442,Kimetsu no Yaiba: Katanakaji no Sato-hen,8.18,,TV,11,28 min. per ep.,Shounen,Manga,R - 17+ (violence & profanity),"1,000,811","9,615"
443,Kono Subarashii Sekai ni Shukufuku wo! 3: Bonus Stage,8.18,,OVA,2,25 min. per ep.,,Light novel,PG-13 - Teens 13 or older,"63,172",88
444,Made in Abyss Movie 1: Tabidachi no Yoake,8.18,,Movie,1,1 hr. 59 min.,,Web manga,R - 17+ (violence & profanity),"155,003",259
445,Major S4,8.18,,TV,26,24 min. per ep.,Shounen,Manga,PG-13 - Teens 13 or older,"68,549",197
446,Meitantei Conan,8.18,,TV,Unknown,24 min.,Shounen,Manga,PG-13 - Teens 13 or older,"367,852","15,545"
447,Meitantei Conan Movie 20: Junkoku no Nightmare,8.18,,Movie,1,1 hr. 52 min.,Shounen,Manga,G - All Ages,"45,512",103
448,Nomad: Megalo Box 2,8.18,,TV,13,24 min. per ep.,,Sci-Fi,R - 17+ (violence & profanity),"224,465","2,217"
449,Non Non Biyori Repeat,8.18,,TV,12,23 min. per ep.,Seinen,Manga,PG-13 - Teens 13 or older,"209,551","1,263"
450,"Kamisama Hajimemashita: Kamisama, Shiawase ni Naru",8.17,,OVA,1,12 min.,Shoujo,Manga,PG-13 - Teens 13 or older,"70,681",200
451,Little Busters! Refrain,8.17,,TV,13,24 min. per ep.,,Comedy,PG-13 - Teens 13 or older,"173,663","2,131"
452,Major S2,8.17,,TV,26,25 min. per ep.,Shounen,Manga,PG-13 - Teens 13 or older,"75,259",309
453,Natsume Yuujinchou: Ishi Okoshi to Ayashiki Raihousha,8.17,,Movie,1,51 min.,Shoujo,Manga,PG-13 - Teens 13 or older,"51,929",108
454,No Game No Life: Zero,8.17,,Movie,1,1 hr. 46 min.,,Light novel,PG-13 - Teens 13 or older,"924,712","7,895"
455,Tengen Toppa Gurren Lagann Movie 1: Gurren-hen,8.17,,Movie,1,1 hr. 52 min.,,Action,PG-13 - Teens 13 or older,"186,648",443
456,Yoru wa Mijikashi Arukeyo Otome,8.17,,Movie,1,1 hr. 32 min.,,Comedy,R+ - Mild Nudity,"136,182","1,798"
457,Yuukoku no Moriarty,8.17,,TV,11,23 min. per ep.,Shounen,Manga,R - 17+ (violence & profanity),"483,569","8,031"
458,Bakuman.,8.17,,TV,25,24 min. per ep.,Shounen,Manga,PG-13 - Teens 13 or older,"644,358","9,551"
459,Black Lagoon: The Second Barrage,8.17,,TV,12,23 min. per ep.,Seinen,Manga,R - 17+ (violence & profanity),"558,372","3,267"
460,Bungou Stray Dogs 2nd Season,8.17,,TV,12,23 min. per ep.,Seinen,Manga,R - 17+ (violence & profanity),"923,806","6,840"
461,Digimon Adventure: Last Evolution Kizuna,8.17,,Movie,1,1 hr. 34 min.,,Action,PG-13 - Teens 13 or older,"60,661",338
462,Girls & Panzer: Saishuushou Part 3,8.17,,Movie,1,48 min.,,CGDCT,PG-13 - Teens 13 or older,"44,487",119
463,Initial D Fourth Stage,8.17,,TV,24,27 min. per ep.,Seinen,Manga,PG-13 - Teens 13 or older,"205,436","1,386"
464,Akira,8.16,,Movie,1,2 hr. 4 min.,Seinen,Manga,R+ - Mild Nudity,"918,891","14,509"
465,Ao Ashi,8.16,,TV,24,24 min. per ep.,Seinen,Manga,PG-13 - Teens 13 or older,"241,167","3,343"
466,Aria the Natural,8.16,,TV,26,24 min. per ep.,Shounen,Manga,G - All Ages,"83,634",822
467,Fanren Xiu Xian Chuan: Waihai Fengyun,8.16,,ONA,52,20 min. per ep.,,Action,PG-13 - Teens 13 or older,"1,610",15
468,Higurashi no Naku Koro ni Kai,8.16,,TV,24,24 min. per ep.,,Horror,R - 17+ (violence & profanity),"509,837","7,542"
469,Kotarou wa Hitorigurashi,8.16,,ONA,10,26 min. per ep.,Seinen,Manga,PG-13 - Teens 13 or older,"190,524","2,230"
470,Ouran Koukou Host Club,8.16,,TV,26,23 min. per ep.,Shoujo,Manga,PG-13 - Teens 13 or older,"1,191,170","35,958"
471,Lupin III: Cagliostro no Shiro,8.15,,Movie,1,1 hr. 39 min.,Seinen,Manga,PG-13 - Teens 13 or older,"135,214","1,442"
472,Lycoris Recoil,8.15,,TV,13,24 min. per ep.,,Action,PG-13 - Teens 13 or older,"560,046","9,354"
473,Non Non Biyori Nonstop: Bukatsu wo Ganbatta,8.15,,OVA,1,22 min.,Seinen,Manga,PG-13 - Teens 13 or older,"36,984",30
474,Ore dake Level Up na Ken: ReAwakening,8.15,,Movie,1,1 hr. 56 min.,,Web manga,R - 17+ (violence & profanity),"45,086",206
475,Cang Yuan Tu,8.15,,ONA,26,23 min. per ep.,,Action,PG-13 - Teens 13 or older,"4,321",55
476,Dr. Stone: New World,8.15,,TV,11,24 min. per ep.,Shounen,Manga,PG-13 - Teens 13 or older,"548,654","3,262"
477,Dr. Stone: Stone Wars,8.15,,TV,11,24 min. per ep.,Shounen,Manga,PG-13 - Teens 13 or older,"1,143,796","7,484"
478,Fate/stay night Movie: Heaven's Feel - I. Presage Flower,8.15,,Movie,1,2 hr.,,Action,R - 17+ (violence & profanity),"496,657","2,648"
479,Holo no Graffiti,8.15,,ONA,Unknown,1 min.,,Comedy,PG-13 - Teens 13 or older,"58,182","1,890"
480,Horimiya: Piece,8.15,,TV,13,23 min. per ep.,Shounen,Manga,PG-13 - Teens 13 or older,"411,663","2,937"
481,Sono Bisque Doll wa Koi wo Suru,8.15,,TV,12,23 min. per ep.,Seinen,Manga,PG-13 - Teens 13 or older,"1,204,047","21,960"
482,Tensei shitara Slime Datta Ken,8.14,,TV,24,23 min. per ep.,Shounen,Manga,PG-13 - Teens 13 or older,"1,569,627","31,965"
483,Toaru Kagaku no Railgun T,8.14,,TV,25,24 min. per ep.,,Manga,R - 17+ (violence & profanity),"258,800","3,315"
484,Kaiba,8.14,,TV,12,24 min. per ep.,,Adventure,R+ - Mild Nudity,"173,623","3,936"
485,Kyoukai no Kanata Movie 2: I'll Be Here - Mirai-hen,8.14,,Movie,1,1 hr. 30 min.,,Light novel,PG-13 - Teens 13 or older,"286,358","1,066"
486,Noragami Aragoto,8.14,,TV,13,24 min. per ep.,Shounen,Manga,PG-13 - Teens 13 or older,"1,524,532","11,582"
487,Princess Tutu,8.14,,TV,38,16 min. per ep.,,Drama,PG-13 - Teens 13 or older,"179,295","5,264"
488,Black Clover,8.14,,TV,170,23 min. per ep.,Shounen,Manga,PG-13 - Teens 13 or older,"1,808,395","49,194"
489,Ginga Eiyuu Densetsu Gaiden,8.14,,OVA,24,26 min. per ep.,,Action,R+ - Mild Nudity,"26,173",69
490,Death Parade,8.13,,TV,12,23 min. per ep.,,Drama,R - 17+ (violence & profanity),"1,864,434","29,250"
491,Dr. Stone: Ryuusui,8.13,,TV Special,1,54 min.,Shounen,Manga,PG-13 - Teens 13 or older,"349,096",903
492,Eiga Daisuki Pompo-san,8.13,,Movie,1,1 hr. 34 min.,,Web manga,PG-13 - Teens 13 or older,"60,798",517
493,Eizouken ni wa Te wo Dasu na!,8.13,,TV,12,25 min. per ep.,Seinen,Manga,PG-13 - Teens 13 or older,"357,591","4,436"
494,Given: Uragawa no Sonzai,8.13,,OVA,1,22 min.,,Manga,PG-13 - Teens 13 or older,"97,264",772
495,IDOLiSH7 Second Beat!,8.13,,TV,15,24 min. per ep.,,Drama,PG-13 - Teens 13 or older,"35,177",416
496,Shen Yin Wangzuo,8.13,,ONA,26,20 min. per ep.,,Action,PG-13 - Teens 13 or older,"9,684",151
497,Shinigami Bocchan to Kuro Maid 3rd Season,8.13,,TV,12,23 min. per ep.,,Web manga,PG-13 - Teens 13 or older,"63,230",271
498,The Fable,8.13,,TV,25,22 min. per ep.,Seinen,Manga,R - 17+ (violence & profanity),"89,944",686
499,Working!!! Lord of the Takanashi,8.13,,Special,1,49 min.,Seinen,4-koma manga,PG-13 - Teens 13 or older,"106,667",217
500,Interstella5555: The 5tory of The 5ecret 5tar 5ystem,8.13,,Movie,1,1 hr. 5 min.,,Adventure,G - All Ages,"79,186","1,042"
